<?xml version="1.0" encoding="UTF-8" ?>
<templates id="template" xml:space="preserve">
    <t t-name="DiscountAuthPopup" owl="1">
        <div role="dialog" class="modal-dialog">
            <Draggable>
                <div class="popup">
                    <header class="title drag-handle">Discount Authorization Needed</header>
                    <div class="popup-numpad">
                        <select t-model.number="state.employee" class="popup-input" style="margin-bottom: 0.5em">
                            <option
                                t-foreach="employees"
                                t-as="employee"
                                t-key="employee.id"
                                t-esc="employee.name"
                                t-att-value="employee.id"
                            />
                        </select>
                        <input t-model="state.password" type="password" t-attf-autocomplete="off" />
                        <p t-if="props.message" t-esc="props.message" style="color: red; font-size: 0.8em" />
                    </div>
                    <footer class="footer">
                        <div class="button confirm" t-on-click="confirm">Authorize</div>
                        <div class="button cancel" t-on-click="cancel">Cancel</div>
                    </footer>
                </div>
            </Draggable>
        </div>
    </t>
</templates>
